{
    "general": {
        "imagePath": "C:\\laragon\\www\\pallet_detector\\upload_image",
        "version": "1.0",
        "lastUpdate": "2026-01-19",
        "device": "Raspberry Pi 5",
        "siteCompany": "1",
        "siteLocation": "8"
    },
    "network": {
        "database": {
            "host": "localhost",
            "user": "root",
            "password": "1234",
            "port": 3306,
            "database": "db_pallet_detector"
        },
        "lineNotify": {
            "token": "bPnF3x6JmcXeS3RPdE2/39U8FA1nFeh4COKlU8p+z5NRAtWOxAdeYFUTWDGTiUWvG4rdS0QIjdypF7if7aLuML+tLiI0YMzHU2+HQPU951LnsGWHo1kaSPle4Uv1QH3sEOjs4eyioGFWNokqNUb0VAdB04t89/1O/w1cDnyilFU=",
            "groupId": "C4f1e1001f01b9360ce85b55a2c5c39e6"
        },
        "imageUpload": {
            "enabled": true,
            "url": "https://jaiangelbot.jwdcoldchain.com/console/jai_receive_photo.php",
            "apiKey": "PiPcs@1234",
            "defaultImage": "https://jaiangelbot.jwdcoldchain.com/console/dist/img/img_notfound.png",
            "timeout": 30,
            "maxRetries": 1
        }
    },
    "detection": {
        "modelPath": "models/pallet_best.pt",
        "confidenceThreshold": 0.75,
        "iouThreshold": 0.55,
        "imageSize": 1280,
        "deviceMode": "cpu",
        "captureInterval": 10,
        "alertThreshold": 30,
        "alignmentTolerance": 5,
        "operatingHours": {
            "start": "08:00",
            "end": "17:00"
        }
    },
    "camera": {
        "selectedCamera": "0",
        "resolution": {
            "width": 1280,
            "height": 720
        }
    },
    "gpio": {
        "redLightPin": 17,
        "greenLightPin": 27
    },
    "system": {
        "storageUsedMB": 0,
        "totalFiles": 0,
        "autoCleanupDays": 7
    }
}